-- phpMyAdmin SQL Dump
-- version 5.2.0
-- https://www.phpmyadmin.net/
--
-- Host: 127.0.0.1
-- Waktu pembuatan: 17 Apr 2023 pada 08.59
-- Versi server: 10.4.27-MariaDB
-- Versi PHP: 8.0.25

SET SQL_MODE = "NO_AUTO_VALUE_ON_ZERO";
START TRANSACTION;
SET time_zone = "+00:00";


/*!40101 SET @OLD_CHARACTER_SET_CLIENT=@@CHARACTER_SET_CLIENT */;
/*!40101 SET @OLD_CHARACTER_SET_RESULTS=@@CHARACTER_SET_RESULTS */;
/*!40101 SET @OLD_COLLATION_CONNECTION=@@COLLATION_CONNECTION */;
/*!40101 SET NAMES utf8mb4 */;

--
-- Database: `vehicle_service_db`
--

-- --------------------------------------------------------

--
-- Struktur dari tabel `categories`
--

CREATE TABLE `categories` (
  `id` int(30) NOT NULL,
  `category` varchar(250) NOT NULL,
  `status` tinyint(1) NOT NULL DEFAULT 1,
  `date_created` datetime NOT NULL DEFAULT current_timestamp()
) ENGINE=InnoDB DEFAULT CHARSET=utf8mb4 COLLATE=utf8mb4_general_ci;

--
-- Dumping data untuk tabel `categories`
--

INSERT INTO `categories` (`id`, `category`, `status`, `date_created`) VALUES
(1, 'Sepada Motor', 1, '2021-09-30 09:42:40'),
(2, 'Kendaraan Roda 3', 1, '2021-09-30 09:43:00'),
(3, 'Mobil', 1, '2021-09-30 09:43:48'),
(4, 'Kendaraan Roda 6', 1, '2021-09-30 09:44:05');

-- --------------------------------------------------------

--
-- Struktur dari tabel `mechanics_list`
--

CREATE TABLE `mechanics_list` (
  `id` int(30) NOT NULL,
  `name` text NOT NULL,
  `contact` varchar(50) NOT NULL,
  `email` varchar(150) NOT NULL,
  `status` tinyint(1) NOT NULL DEFAULT 1,
  `date_created` datetime NOT NULL DEFAULT current_timestamp()
) ENGINE=InnoDB DEFAULT CHARSET=utf8mb4 COLLATE=utf8mb4_general_ci;

--
-- Dumping data untuk tabel `mechanics_list`
--

INSERT INTO `mechanics_list` (`id`, `name`, `contact`, `email`, `status`, `date_created`) VALUES
(1, 'Alex', '08123456789', 'alex@sample.com', 1, '2021-09-30 10:26:11'),
(2, 'romi', '08112355799', 'romi@gmail.com', 1, '2021-09-30 10:30:58');

-- --------------------------------------------------------

--
-- Struktur dari tabel `request_meta`
--

CREATE TABLE `request_meta` (
  `request_id` int(30) NOT NULL,
  `meta_field` text NOT NULL,
  `meta_value` text NOT NULL
) ENGINE=InnoDB DEFAULT CHARSET=utf8mb4 COLLATE=utf8mb4_general_ci;

--
-- Dumping data untuk tabel `request_meta`
--

INSERT INTO `request_meta` (`request_id`, `meta_field`, `meta_value`) VALUES
(1, 'contact', '09112355799'),
(1, 'email', 'jsmith@sample.com'),
(1, 'address', 'Sample Address'),
(1, 'vehicle_name', 'Mitsubishi Montero Sport'),
(1, 'vehicle_registration_number', 'GBN 0623'),
(1, 'vehicle_model', 'CDM-10140715'),
(1, 'service_id', '1,3,4'),
(1, 'pickup_address', 'Here St., There City, Sample Only 623'),
(3, 'contact', '0817278929'),
(3, 'email', 'rya@gmail.com'),
(3, 'address', 'Jatinegara'),
(3, 'vehicle_name', 'kijang'),
(3, 'vehicle_registration_number', 'B7373 KM'),
(3, 'vehicle_model', 'matic'),
(3, 'service_id', '3,2'),
(3, 'pickup_address', 'jatinegara'),
(4, 'contact', '082882829'),
(4, 'email', 'jak@gmail.com'),
(4, 'address', 'kelapa gading'),
(4, 'vehicle_name', 'fortuner'),
(4, 'vehicle_registration_number', 'B 73698 JKL'),
(4, 'vehicle_model', 'matic'),
(4, 'service_id', '4,3'),
(4, 'pickup_address', 'jelka;;ds');

-- --------------------------------------------------------

--
-- Struktur dari tabel `service_list`
--

CREATE TABLE `service_list` (
  `id` int(30) NOT NULL,
  `service` text NOT NULL,
  `description` text NOT NULL,
  `status` tinyint(4) NOT NULL DEFAULT 1,
  `date_created` datetime NOT NULL DEFAULT current_timestamp()
) ENGINE=InnoDB DEFAULT CHARSET=utf8mb4 COLLATE=utf8mb4_general_ci;

--
-- Dumping data untuk tabel `service_list`
--

INSERT INTO `service_list` (`id`, `service`, `description`, `status`, `date_created`) VALUES
(1, 'ganti Oli', '&lt;p&gt;&lt;span style=&quot;text-align: justify;&quot;&gt;Lorem ipsum dolor sit amet, consectetur adipiscing elit. Donec vel sapien lectus. Ut posuere, arcu eget bibendum venenatis, quam diam interdum diam, in viverra leo quam eu mi. Sed bibendum mauris nulla, vel vehicula libero elementum vel. Nam blandit justo justo, dapibus sodales risus consectetur nec. Suspendisse ornare in purus et mollis. Praesent placerat quis lectus at hendrerit. Morbi maximus dolor dolor, a maximus mi congue quis.&lt;/span&gt;&lt;br&gt;&lt;/p&gt;', 1, '2021-09-30 14:11:21'),
(2, 'Pemeriksaan Keseluruhan\r\n\r\n', '&lt;p&gt;&lt;span style=&quot;text-align: justify;&quot;&gt;Curabitur nec viverra tellus. Donec quis molestie arcu. Sed et blandit dui, vel vehicula tortor. Vivamus fringilla sit amet nibh fringilla ornare. Etiam iaculis ornare purus id feugiat. Etiam mattis erat ut congue tempor. Nam placerat faucibus libero ultrices posuere. Donec ac tempus nulla.&lt;/span&gt;&lt;br&gt;&lt;/p&gt;', 1, '2021-09-30 14:11:38'),
(3, 'Service Mesin', '&lt;p&gt;&lt;span style=&quot;text-align: justify;&quot;&gt;Sed ultrices fermentum augue. Duis ultricies arcu vitae lorem accumsan porta. Donec fermentum risus ut tincidunt cursus. Sed varius id dolor et euismod. Vestibulum elit massa, varius nec arcu vel, viverra varius dolor. Etiam fermentum vel lorem vel tincidunt. Ut nec libero pulvinar, malesuada lacus et, tempor diam. Aliquam vitae nisl augue.&lt;/span&gt;&lt;br&gt;&lt;/p&gt;', 1, '2021-09-30 14:12:03'),
(4, 'Penggantian Ban', '&lt;p&gt;&lt;span style=&quot;text-align: justify;&quot;&gt;Nullam pretium eu justo ac tincidunt. Vestibulum quis est non felis porttitor pretium. Vivamus nec augue ultrices, condimentum risus vitae, pellentesque turpis. Nullam ornare est sapien, sed semper neque imperdiet suscipit. Sed fermentum eros et felis mollis finibus. In condimentum eleifend magna, non consequat nibh viverra nec. Nulla vel sapien libero. Suspendisse varius nisl nec ornare imperdiet.&lt;/span&gt;&lt;br&gt;&lt;/p&gt;', 1, '2021-09-30 14:12:24');

-- --------------------------------------------------------

--
-- Struktur dari tabel `service_requests`
--

CREATE TABLE `service_requests` (
  `id` int(30) NOT NULL,
  `owner_name` text NOT NULL,
  `category_id` int(30) NOT NULL,
  `service_type` text NOT NULL,
  `mechanic_id` int(30) DEFAULT NULL,
  `status` tinyint(1) NOT NULL DEFAULT 0,
  `date_created` datetime NOT NULL DEFAULT current_timestamp()
) ENGINE=InnoDB DEFAULT CHARSET=utf8mb4 COLLATE=utf8mb4_general_ci;

--
-- Dumping data untuk tabel `service_requests`
--

INSERT INTO `service_requests` (`id`, `owner_name`, `category_id`, `service_type`, `mechanic_id`, `status`, `date_created`) VALUES
(1, 'Mike Williams', 3, 'Pick Up', 1, 2, '2021-09-30 14:48:57'),
(3, 'rya', 3, 'Pick Up', 2, 1, '2023-04-17 12:34:58'),
(4, 'jak', 3, 'Pick Up', NULL, 0, '2023-04-17 13:05:26');

-- --------------------------------------------------------

--
-- Struktur dari tabel `system_info`
--

CREATE TABLE `system_info` (
  `id` int(30) NOT NULL,
  `meta_field` text NOT NULL,
  `meta_value` text NOT NULL
) ENGINE=InnoDB DEFAULT CHARSET=utf8mb4 COLLATE=utf8mb4_general_ci;

--
-- Dumping data untuk tabel `system_info`
--

INSERT INTO `system_info` (`id`, `meta_field`, `meta_value`) VALUES
(1, 'name', 'Layanan Service Kendaraan'),
(6, 'short_name', 'Bengkel'),
(11, 'logo', 'uploads/1681710420_1545615614-img-7821jpg.JPG'),
(13, 'user_avatar', 'uploads/user_avatar.jpg'),
(14, 'cover', 'uploads/1681710420_1545615614-img-7821jpg.JPG');

-- --------------------------------------------------------

--
-- Struktur dari tabel `users`
--

CREATE TABLE `users` (
  `id` int(50) NOT NULL,
  `firstname` varchar(250) NOT NULL,
  `lastname` varchar(250) NOT NULL,
  `username` text NOT NULL,
  `password` text NOT NULL,
  `avatar` text DEFAULT NULL,
  `last_login` datetime DEFAULT NULL,
  `type` tinyint(1) NOT NULL DEFAULT 0,
  `date_added` datetime NOT NULL DEFAULT current_timestamp(),
  `date_updated` datetime DEFAULT NULL ON UPDATE current_timestamp()
) ENGINE=InnoDB DEFAULT CHARSET=utf8mb4 COLLATE=utf8mb4_general_ci;

--
-- Dumping data untuk tabel `users`
--

INSERT INTO `users` (`id`, `firstname`, `lastname`, `username`, `password`, `avatar`, `last_login`, `type`, `date_added`, `date_updated`) VALUES
(1, 'Adminstrator', 'Admin', 'admin', '0192023a7bbd73250516f069df18b500', 'uploads/1624240500_avatar.png', NULL, 1, '2021-01-20 14:02:37', '2021-06-21 09:55:07'),
(6, 'Claire', 'Blake', 'cblake', 'cd74fae0a3adf459f73bbf187607ccea', 'uploads/1632990840_ava.jpg', NULL, 2, '2021-09-30 16:34:02', '2021-09-30 16:35:26');

--
-- Indexes for dumped tables
--

--
-- Indeks untuk tabel `categories`
--
ALTER TABLE `categories`
  ADD PRIMARY KEY (`id`);

--
-- Indeks untuk tabel `mechanics_list`
--
ALTER TABLE `mechanics_list`
  ADD PRIMARY KEY (`id`);

--
-- Indeks untuk tabel `request_meta`
--
ALTER TABLE `request_meta`
  ADD KEY `request_id` (`request_id`);

--
-- Indeks untuk tabel `service_list`
--
ALTER TABLE `service_list`
  ADD PRIMARY KEY (`id`);

--
-- Indeks untuk tabel `service_requests`
--
ALTER TABLE `service_requests`
  ADD PRIMARY KEY (`id`);

--
-- Indeks untuk tabel `system_info`
--
ALTER TABLE `system_info`
  ADD PRIMARY KEY (`id`);

--
-- Indeks untuk tabel `users`
--
ALTER TABLE `users`
  ADD PRIMARY KEY (`id`);

--
-- AUTO_INCREMENT untuk tabel yang dibuang
--

--
-- AUTO_INCREMENT untuk tabel `categories`
--
ALTER TABLE `categories`
  MODIFY `id` int(30) NOT NULL AUTO_INCREMENT, AUTO_INCREMENT=5;

--
-- AUTO_INCREMENT untuk tabel `mechanics_list`
--
ALTER TABLE `mechanics_list`
  MODIFY `id` int(30) NOT NULL AUTO_INCREMENT, AUTO_INCREMENT=3;

--
-- AUTO_INCREMENT untuk tabel `service_list`
--
ALTER TABLE `service_list`
  MODIFY `id` int(30) NOT NULL AUTO_INCREMENT, AUTO_INCREMENT=5;

--
-- AUTO_INCREMENT untuk tabel `service_requests`
--
ALTER TABLE `service_requests`
  MODIFY `id` int(30) NOT NULL AUTO_INCREMENT, AUTO_INCREMENT=5;

--
-- AUTO_INCREMENT untuk tabel `system_info`
--
ALTER TABLE `system_info`
  MODIFY `id` int(30) NOT NULL AUTO_INCREMENT, AUTO_INCREMENT=15;

--
-- AUTO_INCREMENT untuk tabel `users`
--
ALTER TABLE `users`
  MODIFY `id` int(50) NOT NULL AUTO_INCREMENT, AUTO_INCREMENT=7;

--
-- Ketidakleluasaan untuk tabel pelimpahan (Dumped Tables)
--

--
-- Ketidakleluasaan untuk tabel `request_meta`
--
ALTER TABLE `request_meta`
  ADD CONSTRAINT `request_meta_ibfk_1` FOREIGN KEY (`request_id`) REFERENCES `service_requests` (`id`) ON DELETE CASCADE ON UPDATE NO ACTION;
COMMIT;

/*!40101 SET CHARACTER_SET_CLIENT=@OLD_CHARACTER_SET_CLIENT */;
/*!40101 SET CHARACTER_SET_RESULTS=@OLD_CHARACTER_SET_RESULTS */;
/*!40101 SET COLLATION_CONNECTION=@OLD_COLLATION_CONNECTION */;
